/*
 Navicat Premium Data Transfer

 Source Server         : localhost_3306
 Source Server Type    : MySQL
 Source Server Version : 100428 (10.4.28-MariaDB)
 Source Host           : localhost:3306
 Source Schema         : php_api

 Target Server Type    : MySQL
 Target Server Version : 100428 (10.4.28-MariaDB)
 File Encoding         : 65001

 Date: 05/01/2024 22:18:57
*/

SET NAMES utf8mb4;
SET FOREIGN_KEY_CHECKS = 0;

-- ----------------------------
-- Table structure for categories
-- ----------------------------
DROP TABLE IF EXISTS `categories`;
CREATE TABLE `categories`  (
  `cateId` int NOT NULL AUTO_INCREMENT,
  `name` varchar(255) CHARACTER SET utf8mb4 COLLATE utf8mb4_general_ci NULL DEFAULT NULL,
  `image` longtext CHARACTER SET utf8mb4 COLLATE utf8mb4_general_ci NULL,
  PRIMARY KEY (`cateId`) USING BTREE
) ENGINE = InnoDB AUTO_INCREMENT = 27 CHARACTER SET = utf8mb4 COLLATE = utf8mb4_general_ci ROW_FORMAT = Dynamic;

-- ----------------------------
-- Records of categories
-- ----------------------------
INSERT INTO `categories` VALUES (1, 'Phòng khách ', 'storage/images/categorybanner_1_img.webp');
INSERT INTO `categories` VALUES (2, 'Phòng ngủ', 'storage/images/categorybanner_2_img.webp');
INSERT INTO `categories` VALUES (3, 'Phòng ăn & bếp', 'storage/images/categorybanner_3_img.webp');
INSERT INTO `categories` VALUES (4, 'Phòng làm việc', 'storage/images/categorybanner_4_img.jpg');

-- ----------------------------
-- Table structure for products
-- ----------------------------
DROP TABLE IF EXISTS `products`;
CREATE TABLE `products`  (
  `productId` int NOT NULL AUTO_INCREMENT,
  `name` varchar(255) CHARACTER SET utf8mb4 COLLATE utf8mb4_general_ci NOT NULL,
  `price` decimal(10, 2) NOT NULL,
  `description` longtext CHARACTER SET utf8mb4 COLLATE utf8mb4_general_ci NOT NULL,
  `cateId` int NOT NULL,
  `quantity` int NOT NULL DEFAULT 1,
  `image` longtext CHARACTER SET utf8mb4 COLLATE utf8mb4_general_ci NOT NULL,
  `featured` tinyint(1) NULL DEFAULT 0,
  PRIMARY KEY (`productId`) USING BTREE
) ENGINE = InnoDB AUTO_INCREMENT = 81 CHARACTER SET = utf8mb4 COLLATE = utf8mb4_general_ci ROW_FORMAT = Dynamic;

-- ----------------------------
-- Records of products
-- ----------------------------
INSERT INTO `products` VALUES (1, 'Ấm trà TURKOIS', 224000.00, 'Ấm trà TURKOIS là lựa chọn hoàn hảo cho không gian chuyện trò ấm cúng. Thuộc bộ sưu tập thiết kế đặc biệt của BAYA được sản xuất tại Bát Tràng với nghệ thuật vẽ tay độc đáo, sản phẩm sở hữu kiểu dáng và gam màu xanh ngọc đẹp mắt. Họa tiết cá Koi bơi thành vòng tròn trong làn nước, lấy cảm hứng từ nền văn hóa Á Đông luôn tôn vinh vẻ đẹp của sự hài hòa, sung túc và viên mãn. Kết hợp với bộ tách trà cùng đĩa lót TURKOIS để mang phong cách truyền thống pha lẫn chút hiện đại cho ngôi nhà bạn thêm điểm nhấn.', 1, 100, 'storage/images/1.webp', 1);
INSERT INTO `products` VALUES (2, 'Bàn Ăn Gỗ Cao Su Màu Xám Vân Gỗ KENNY', 3990000.00, 'Tính năng nổi bật:\r\n\r\nSản phẩm được hoàn thiện với chất liệu gỗ MDF chất lượng với bề mặt ghế phủ lớp Veneer tần bì giúp bảo vệ lớp gỗ tốt, chống tình trạng mối mọt hay bị biến dạng bởi tác động nhiệt của thời tiết.\r\n\r\nMặt bàn và các chân ghế được hoàn thiện với chất lượng cao, mang lại tổng thể vừa đẹp mắt vừa có độ bền theo năm tháng. \r\n\r\n \r\nLợi ích:\r\n\r\nTính đa năng cao, có thể sử dụng trong nhiều mục đích khác nhau như: ăn uống, bàn trò chơi hay dùng để học tập, làm việc.\r\n\r\nBàn ăn giúp gắn kết mọi thành viên trong gia đình trong mọi bữa ăn.\r\n\r\nBàn ăn KENNY kích thước lớn rất phù hợp để tổ chức tiệc tối hoặc các sự kiện đặc biệt quan trọng.\r\n\r\nBàn ăn KENNY mang sắc xám đơn giản cùng thiết kế vân gỗ giúp tạo thêm điểm nhấn đặc biệt trong không gian bếp.\r\n\r\n \r\nKhông gian thích hợp:\r\n\r\nPhù hợp để đặt ở các phòng bếp-phòng ăn trong mọi gia đình. Tuyệt vời hơn, bạn có thể sử dụng bàn KENNY để làm nơi trang trí phòng khách như đặt tranh ảnh, hoa, nến, … hoặc thậm chí bạn có thể tận dụng để làm việc, làm bài tập', 1, 100, 'storage/images/2.webp', 1);
INSERT INTO `products` VALUES (3, 'Bàn Ăn MDF Chân Sắt VERONA', 995000.00, 'Bàn ăn VERONA nổi bật với màu trắng tinh khôi được làm từ gỗ công nghiệp bền chắc. Rất phù hợp với những gia đình ít người và không gian phòng bếp hạn chế. Mặt bàn được xử lý kỹ càng, mang vẻ đẹp tinh xảo. Chân bàn làm từ kim loại, cho độ cứng cáp và chắc chắn cao. Bạn có thể kết hợp bàn cùng các sản phẩm khác trong cùng bộ sưu tập VERONA để hoàn thiện nội thất phòng ăn của gia đình bạn.', 1, 100, 'storage/images/3.webp', 1);
INSERT INTO `products` VALUES (4, 'Bàn Cà Phê DOMINIK', 2790000.00, 'Bàn trà DOMINIK là một sản phẩm nội thất hiện đại, phù hợp với nhiều không gian phòng khách khác nhau. Bàn có kích thước 1000 x 550 x 450 mm, mang đến sự thoải mái và tiện nghi cho người sử dụng.\r\n\r\nBàn được làm từ gỗ cao cấp, có khả năng chống ẩm, chống mối mọt, mang đến độ bền cao. Thiết kế bàn đơn giản, tinh tế, với mặt bàn hình chữ nhật, phù hợp với nhiều phong cách nội thất khác nhau.\r\n\r\nBên cạnh đó, bàn trà DOMINIK còn có những ưu điểm nổi bật sau:\r\n\r\nKích thước đa dạng, phù hợp với nhiều không gian\r\nChất liệu cao cấp, bền bỉ\r\nThiết kế đơn giản, tinh tế\r\nGiá thành hợp lý.', 1, 100, 'storage/images/4.webp', 1);
INSERT INTO `products` VALUES (5, 'Bàn Cà Phê MARGARET', 2793000.00, 'Phòng khách nhà bạn không thể hoàn hảo nếu thiếu bàn cà phê MARGARET. Là sản phẩm đến từ nội thất BAYA, bàn được làm từ chất liệu gỗ cao su, MDF phủ veneer màu sáng sang trọng. Bạn có thiết kế đơn giản với 1 hộc kéo và 1 ngăn rỗng để bạn thoải mái chứa các vật dụng cần thiết. Kết hợp bàn cùng các sản phẩm khác trong bộ sưu tập MARGARET để hoàn thiện không gian nội thất.', 1, 100, 'storage/images/5.webp', 0);
INSERT INTO `products` VALUES (6, 'Bàn Cà Phê Ván Ép VIKING', 2490000.00, 'Bàn cà phê VIKING nằm trong đồ nội thất BAYA là sự lựa chọn lý tưởng và hoàn hảo cho không gian sống nhà bạn. Sản phẩm được làm hoàn toàn từ gỗ ván ép chắc chắn cùng độ nhẵn bóng đẹp mắt, tạo nên vẻ đẹp mộc mạc, giản đơn, nhưng không kém phần sang trọng, hiện đại. Đặc biệt, với thiết kế 2 tầng hình dạng bàn tròn tiện dụng, có thể để tạp chí, tách cà phê và các vật dụng khác gọn gàng, tiện lợi, giúp bạn tận hưởng cuộc sống thư thái và trọn vẹn hơn.', 1, 100, 'storage/images/6.webp', 0);
INSERT INTO `products` VALUES (7, 'Bàn Góc Di Động STUDENT', 499000.00, 'Bộ sưu tập nội thất văn phòng Student: Sự kết hợp hoàn hảo giữa Thẩm mỹ và Công năng sử dụng\r\n\r\n \r\n\r\nTrong nhịp sống hiện đại, nơi mà hoạt động làm việc và học tập tại nhà trở nên ngày càng quan trọng, việc chọn một sản phẩm bàn học hay tủ kệ văn phòng phù hợp là điều không thể thiếu. Những vật dụng này không chỉ phải đảm bảo tính chất lượng và chắc chắn mà còn phải thể hiện sự thẩm mỹ và phù hợp với môi trường làm việc và nội thất trong gia đình. Bộ sưu tập Student chính là sự lựa chọn hoàn hảo cho nhu cầu của bạn.\r\n\r\n \r\n\r\nKhung sắt và về mặt hoàn thiện xuất sắc\r\n\r\n \r\n\r\nKhung sắt là yếu tố quan trọng tạo nên sự chắc chắn và độ bền của các sản phẩm nội thất trong bộ sưu tập Student. Khung sắt được chế tạo bằng công nghệ tiên tiến, giúp đảm bảo tính cứng cáp và độ bền vượt trội. Với mức độ hoàn thiện cao, bạn có thể yên tâm sử dụng các sản phẩm trong thời gian dài mà không cần lo lắng về sự trầy xước hoặc biến dạng.\r\n\r\n \r\n\r\nMặt bàn và ngăn tủ kệ được làm từ gỗ công nghiệp cao cấp, chất lượng và hoàn thiện tinh tế. Gỗ công nghiệp không chỉ giúp bảo vệ môi trường mà còn đảm bảo tính chất lượng và đẹp mắt. Sự hoàn thiện tỉ mỉ trên mặt gỗ tạo nên một bề mặt mịn màng và dễ dàng vệ sinh, giúp bàn luôn giữ được vẻ đẹp ban đầu suốt thời gian dài.\r\n\r\n \r\n\r\nThiết kế hiện đại và thẩm mỹ\r\n\r\n \r\n\r\nBộ sản phẩm Student không chỉ có tính chất lượng và chắc chắn mà còn mang đậm phong cách hiện đại. Thiết kế đơn giản, gọn gàng và tiện dụng giúp các sản phẩm phù hợp với mọi không gian làm việc và gia đình. Bạn có thể dễ dàng kết hợp bàn, tủ kệ với các loại ghế và trang trí nội thất khác để tạo nên một môi trường làm việc thú vị và sáng tạo.', 1, 100, 'storage/images/7.webp', 0);
INSERT INTO `products` VALUES (8, 'Bàn Cà Phê Vân Gỗ Sồi CARINE', 2443000.00, 'Bạn đang tìm kiếm \"bạn đồng hành\" cho chiếc sofa của mình ư? Không cần phải tìm đâu xa nữa, chiếc bàn góc CARINE chắc hẳn sẽ là lựa chọn lý tưởng, đảm bảo phù hợp với hầu hết các không gian phòng!\r\n\r\nGồm 2 kệ với kích cỡ khác nhau, một dành cho ly thức uống ưu thích của bạn (hay bất kì gì bạn thích), và tầng còn lại cho sách, tạp chí, remote tv... bên cạnh thiết kế tròn trịa thanh lịch, không gì có thể sánh được chiếc bàn góc này đâu!\r\n\r\nSản phẩm là một thiết kế độc quyền của BAYA.', 1, 100, 'storage/images/8.webp', 0);
INSERT INTO `products` VALUES (9, 'Bàn Học Liền Giá Sách gỗ nâu STUDENT', 2990000.00, 'Bộ sưu tập nội thất văn phòng Student: Sự kết hợp hoàn hảo giữa Thẩm mỹ và Công năng sử dụng\r\n\r\nTrong nhịp sống hiện đại, nơi mà hoạt động làm việc và học tập tại nhà trở nên ngày càng quan trọng, việc chọn một sản phẩm bàn học hay tủ kệ văn phòng phù hợp là điều không thể thiếu. Những vật dụng này không chỉ phải đảm bảo tính chất lượng và chắc chắn mà còn phải thể hiện sự thẩm mỹ và phù hợp với môi trường làm việc và nội thất trong gia đình. Bộ sưu tập Student chính là sự lựa chọn hoàn hảo cho nhu cầu của bạn.\r\n\r\nKhung sắt và về mặt hoàn thiện xuất sắc\r\n\r\nKhung sắt là yếu tố quan trọng tạo nên sự chắc chắn và độ bền của các sản phẩm nội thất trong bộ sưu tập Student. Khung sắt được chế tạo bằng công nghệ tiên tiến, giúp đảm bảo tính cứng cáp và độ bền vượt trội. Với mức độ hoàn thiện cao, bạn có thể yên tâm sử dụng các sản phẩm trong thời gian dài mà không cần lo lắng về sự trầy xước hoặc biến dạng.\r\n\r\nMặt bàn và ngăn tủ kệ được làm từ gỗ công nghiệp cao cấp, chất lượng và hoàn thiện tinh tế. Gỗ công nghiệp không chỉ giúp bảo vệ môi trường mà còn đảm bảo tính chất lượng và đẹp mắt. Sự hoàn thiện tỉ mỉ trên mặt gỗ tạo nên một bề mặt mịn màng và dễ dàng vệ sinh, giúp bàn luôn giữ được vẻ đẹp ban đầu suốt thời gian dài.\r\n\r\nThiết kế hiện đại và thẩm mỹ', 1, 100, 'storage/images/9.webp', 0);
INSERT INTO `products` VALUES (10, 'Bàn Ngoài Trời Thép Sơn Tĩnh Điện CAFE-ROYALE', 895000.00, 'Là thiết kế của BAYA, bàn ngoài trời CAFE ROYALE là lựa chọn hoàn hảo cho khu vườn nhà của bạn. Được làm bằng thép sơn tĩnh điện giúp hạn chế rỉ sét, bàn phù hợp để sử dụng ngoài trời. Bàn có thiết kế hiện đại với mặt bàn bo tròn và phần chân cứng cáp, góp phần làm đẹp thêm cho khu vườn. Hãy kết hợp sản phẩm trong cùng bộ sưu tập CAFE ROYALE để hoàn thiện không gian sống', 1, 100, 'storage/images/10.webp', 0);
INSERT INTO `products` VALUES (11, 'Bàn Trang Điểm Gỗ Cao Su Màu Xám Vân Gỗ KENNY', 2990000.00, 'Tính năng nổi bật:\r\n\r\nĐược hoàn thiện với chất liệu gỗ MDF với bề mặt ghế phủ lớp Veneer tần bì giúp bảo vệ lớp gỗ tốt, chống tình trạng mối mọt hay bị biến dạng bởi tác động nhiệt của thời tiết.\r\n\r\nThiết kế 1 ngăn kéo giúp bạn thuận tiện để cất giữ những vật dụng nhỏ trang điểm khác như: Son môi, phấn má, phấn mắt, … \r\n\r\nVới 4 chân gỗ được hoàn thiện cứng cáp giúp tổng thể sản phẩm trở nên thời thượng hơn\r\n\r\n \r\nLợi ích:\r\n\r\nGiữ cho góc trang điểm thêm phần ngăn nắp nhờ tích hợp 1 ngăn kéo, thuận tiện để người dùng cất giữ đồ trang điểm, trang sức hay một số phụ kiện khác. \r\n\r\nTăng tính thẩm mỹ cho căn hộ, bàn trang điểm KENNY có thể tạo thêm nét trang nhã và tinh tế cho phong cách trang trí phòng ngủ của bạn, nâng cao tính thẩm mỹ tổng thể của căn phòng.\r\n\r\nSử dụng đa chức năng, ngoài việc được sử dụng như một bàn trang điểm, bàn trang điểm còn có thể được sử dụng như một bàn làm việc hoặc không gian làm việc, mang đến một món đồ nội thất đa năng cho những không gian nhỏ.\r\n\r\n \r\nKhông gian thích hợp:\r\n\r\nBên cạnh việc thích hợp để đặt bàn trang điểm trong phòng ngủ thì sản phẩm cũng phù hợp để bạn đặt một góc nhỏ ở phòng khách. Ngoài ra, bạn cũng có thể dùng bàn trang điểm như một vật dụng để trang trí trong nhà như đặt nến, đặt hoa, … Hãy kết hợp với gương treo và ghế đôn KENNY để có một bộ bàn trang điểm hoàn chỉnh bạn nhé!', 1, 100, 'storage/images/11.webp', 0);
INSERT INTO `products` VALUES (12, 'Bàn trang điểm Gỗ thông Gỗ đậm CHESTER\r\n', 3143000.00, 'Góc làm đẹp của bạn xứng đáng được chăm chút tỉ mỉ khi ngày nào mình cũng dành thời gian nơi góc thân thuộc ấy!\r\n\r\nVới vẻ ngoài gọn gàng, thanh mảnh, bàn trang điểm CHESTER sẽ giúp tâm trạng mình luôn được thoải mái hơn bên cạnh thiết kế thông minh gồm nhiều ngăn kéo và hộc tủ giúp bạn cất giữ đồ mỹ phẩm và những vật dụng cần thiết.\r\n\r\nBàn trang điểm CHESTER với thiết kế nhỏ gọn cùng phần gương được gập mở dễ dàng. Sản phẩm vừa có thể làm bàn trang điểm lại vừa có thể trở thành bàn làm việc khi gấp gương xuống.', 1, 100, 'storage/images/12.webp', 0);
INSERT INTO `products` VALUES (13, 'Bàn Trang Điểm KITKA', 2443000.00, 'Bàn trang điểm KITKA là sản phẩm độc quyền đến từ nội thất BAYA với gam màu gỗ nâu đậm đẹp mắt. Sản phẩm được làm từ gỗ cao su cao cấp, phủ lớp veneer vừa tăng độ bền vừa khiến bàn thêm phần bóng đẹp. Bàn có 2 hộc kéo tiện dụng. Hãy kết hợp bàn với các sản phẩm giường hay tủ quần áo trong cùng bộ sưu tập để không gian căn hộ thêm sang trọng.', 1, 100, 'storage/images/13.webp', 0);
INSERT INTO `products` VALUES (14, 'Bàn Trang Điểm LUCAS', 3650000.00, 'Bàn trang điểm LUCAS là một sản phẩm nội thất tiện dụng, giúp bạn trang điểm và làm đẹp một cách dễ dàng. Bàn có kích thước 1200 x 540 x 760 mm, phù hợp với nhiều không gian phòng ngủ khác nhau.\r\n\r\nBàn được làm từ gỗ cao cấp, có khả năng chống ẩm, chống mối mọt, mang đến độ bền cao. Thiết kế bàn đơn giản, hiện đại, ngăn kéo tiện lợi . Bàn có thể kết hợp với ghế ngồi, giúp bạn thoải mái khi trang điểm và làm đẹp.\r\n\r\nDưới đây là một số ưu điểm nổi bật của bàn trang điểm LUCAS:\r\n\r\nKích thước phù hợp với nhiều không gian phòng ngủ\r\nChất liệu cao cấp, bền bỉ\r\nThiết kế đơn giản, hiện đại\r\nKệ đựng đồ, giúp bạn sắp xếp đồ dùng một cách gọn gàng', 1, 100, 'storage/images/14.webp', 0);
INSERT INTO `products` VALUES (15, 'Bao Ống Tay Chống Văng Dầu Mỡ 100% Polyester SARA', 20300.00, 'Ống bao tay chống văng dầu mỡ SARA (hay bao trùm khuỷu tay) được mệnh danh là cánh tay đắc lực của các bà nội trợ. Với thiết kế linh hoạt, bao tay giúp hạn chế tối đa dầu mỡ cũng như các vết bẩn dính lên tay áo khi sơ chế, nấu ăn… Sản phẩm nổi bật với:\r\n\r\nThiết kế: Chiều dài sản phẩm phù hợp, bao hết từ cổ tay đến khuỷu tay, giúp cho người dùng không lo bị ướt tay áo hay bị bẩn, bắn dầu mỡ vào tay.\r\nChất liệu: Polyester có độ trơn, bóng cao nên có khả năng chống thấm cao, bảo vệ tay áo, cổ tay… và dễ dàng vệ sinh.\r\nMàu sắc: Màu chủ đạo là màu trắng tinh khôi, nổi bật thêm với những bông hoa hồng nhỏ, tạo ra sự hài hòa nhẹ nhàng cho sản phẩm. \r\nĐiểm nổi bật: Thun co giãn ở hai đầu rất tiện lợi, giúp giữ bao tay không bị xê dịch, trơn tuột khi sử dụng.\r\nTính ứng dụng cao: Giúp chống bẩn, chống nước, ngăn dầu mỡ bắn vào cổ tay, tay áo, hạn chế tối đa gây trầy xước áo (đặc biệt là với áo len)... trong quá trình sơ chế, chế biến, nấu ăn, làm bánh…\r\nDễ dàng kết hợp với những sản phẩm nhà bếp khác như: găng tay bắc nồi, tạp dề, găng tay lò nướng…', 1, 100, 'storage/images/15.webp', 0);
INSERT INTO `products` VALUES (16, 'Bát Sứ Ăn Salad FLORAL Hoa Văn Hoa Lá\r\n', 89100.00, 'Với tông màu trắng, kèm họa tiết hoa lá, tạo nên cảm giác nhẹ nhàng, tinh tế, và một chút bay bổng. Bộ sưu tập gồm chén, bát, đĩa, bình, ly\r\nphù hợp với nhiều nhu cầu sử dụng. Sản phẩm được làm từ chất liệu sứ, đảm bảo an toàn sức khỏe cho người sử dụng.', 1, 100, 'storage/images/16.webp', 0);
INSERT INTO `products` VALUES (17, 'Bát Sứ Ăn Salad VICTORIA Hoa Văn Xanh\r\n', 80100.00, 'BAYA xin giới thiệu bộ sưu tập Victoria, cổ điển nhưng không nhàm chán, bộ sưu tập sẽ rất thích hợp cho những vị khách yêu thích sự sang trọng và tao nhã đem lại cho bạn cảm giác như một vị công nương kiều diễm hay một ngài bá tước uy quyền. Bộ sưu tập chú trọng nét tinh tế, nghệ thuật trong từng chi tiết với hoa văn tinh xảo, tỉ mỉ, thể hiện cá tính mang đậm dấu ấn và phong cách của chủ nhân. Sản phẩm được làm từ sứ đảm bảo an toàn sức khỏe, dễ dàng bảo quản, tiện lợi khi sử dụng, nâng tầm chất lượng sống của gia đình bạn.', 1, 100, 'storage/images/17.webp', 0);
INSERT INTO `products` VALUES (18, 'Bếp Nướng Thép Không Gỉ Xanh Lá Cây TEXAS\r\n', 349500.00, 'Lò nướng TEXAS là sản phẩm lò nướng BBQ phù hợp đối với những bữa tiệc ngoài nhà bạn.\r\n\r\n- Thiết kế lò nướng nhỏ gọn, thông minh, không tốn nhiều diện tích, dễ dàng mang vác cho những buổi tiệc ngoài trời, picnic...\r\n\r\n- Lò nướng có thể giữ được độ tươi ngon của thực phẩm mà không bị ám mùi khói, giữ được vị béo ngậy của thực phẩm.\r\n\r\n-  Lò nướng có độ bền cao, bền bỉ theo thời gian, giúp cho bạn luôn có được những trải nghiệm nấu nướng tuyệt vời.', 1, 100, 'storage/images/18.webp', 0);
INSERT INTO `products` VALUES (19, 'Bình Xịt Xà Phòng Nhựa Họa Tiết Gạch Bông SUSANA', 99000.00, '+ Thiết kế đồng bộ, tinh tế, tiện dụng, phù hợp với nhiều không gian phòng tắm\r\n+ Được làm bằng chất liệu nhựa cao cấp chịu được va đập mạnh, chịu nhiệt tốt.\r\n+ Màu sắc tối giản, đa dạng lựa chọn, giữ cho phòng tắm của bạn sạch sẽ và gọn gàng', 1, 100, 'storage/images/19.webp', 0);
INSERT INTO `products` VALUES (20, 'Bình Xịt Xà Phòng Nhựa Hồng XING', 99000.00, '+ Thiết kế đồng bộ, tinh tế, tiện dụng, phù hợp với nhiều không gian phòng tắm\r\n+ Được làm bằng chất liệu nhựa cao cấp chịu được va đập mạnh, chịu nhiệt tốt.\r\n+ Màu sắc tối giản, đa dạng lựa chọn, giữ cho phòng tắm của bạn sạch sẽ và gọn gàng', 1, 100, 'storage/images/20.webp', 0);
INSERT INTO `products` VALUES (21, 'Ga Chun 100% Cotton Nhiều Màu SOPHIA', 839000.00, 'Ghế thư giãn Viking - Sự Kết Hợp Hoàn Hảo Giữa Thiết Kế và Sự Thoải Mái\r\n\r\nGhế Viking là một trong những sản phẩm nổi tiếng và phổ biến nhất của Baya, thương hiệu nội thất nổi tiếng nhiều năm tại Việt Nam. Với thiết kế đơn giản và tinh tế, ghế Viking đã trở thành biểu tượng của sự thoải mái và sự kết hợp hoàn hảo giữa thẩm mỹ và tính chất thực tiễn.\r\n\r\nThiết kế độc đáo:\r\n\r\nGhế Viking nổi bật với một khung ghế bằng gỗ plywood cong, tạo nên một dáng vẻ độc đáo và hiện đại, cho phép nó phù hợp với nhiều loại nội thất và không gian khác nhau. Ghế Viking còn có thể phối với một hoặc hai chiếc đệm ghế và một đệm tựa lưng, tạo ra sự thoải mái vượt trội cho người sử dụng.\r\n\r\nTính thoải mái và hỗ trợ:\r\n\r\nMột trong những điểm mạnh của ghế Viking chính là tính thoải mái. Đệm ghế và đệm tựa lưng được thiết kế để đáp ứng tối đa nhu cầu về hỗ trợ và sự thoải mái của người sử dụng. Chất liệu vải được sử dụng cho các đệm này có độ bền cao và dễ dàng tháo rời để vệ sinh, giúp ghế Viking luôn giữ được vẻ mới mẻ và sạch sẽ.\r\n\r\nSự linh hoạt trong sử dụng:\r\n\r\nGhế Viking không chỉ dành cho việc ngồi đọc sách hoặc thư giãn, mà còn có thể được sử dụng trong nhiều tình huống khác nhau. Từ việc làm ghế đọc sách ưa thích tại góc phòng, cho đến ghế thư giãn trong phòng khách hoặc thậm chí là ghế làm việc trong phòng làm việc cá nhân, ghế Viking luôn sẵn sàng phục vụ.\r\n\r\nSự bền bỉ và đáng giá tiền:\r\n\r\nMột trong những lợi ích lớn của việc mua ghế Viking là sự bền bỉ của nó. Sản phẩm được làm từ các vật liệu chất lượng cao và thiết kế đáng tin cậy, đảm bảo rằng bạn sẽ có một chiếc ghế phục vụ bạn trong nhiều năm tới. Với giá cả hợp lý, ghế Viking đem lại giá trị đáng kinh ngạc cho tiền bạn bỏ ra.', 2, 1, 'storage/images/21.webp', 0);
INSERT INTO `products` VALUES (22, 'Ghế Bành VIKING-FREJA', 1499000.00, 'Ghế thư giãn Viking - Sự Kết Hợp Hoàn Hảo Giữa Thiết Kế và Sự Thoải Mái\r\n\r\nGhế Viking là một trong những sản phẩm nổi tiếng và phổ biến nhất của Baya, thương hiệu nội thất nổi tiếng nhiều năm tại Việt Nam. Với thiết kế đơn giản và tinh tế, ghế Viking đã trở thành biểu tượng của sự thoải mái và sự kết hợp hoàn hảo giữa thẩm mỹ và tính chất thực tiễn.\r\n\r\nThiết kế độc đáo:\r\n\r\nGhế Viking nổi bật với một khung ghế bằng gỗ plywood cong, tạo nên một dáng vẻ độc đáo và hiện đại, cho phép nó phù hợp với nhiều loại nội thất và không gian khác nhau. Ghế Viking còn có thể phối với một hoặc hai chiếc đệm ghế và một đệm tựa lưng, tạo ra sự thoải mái vượt trội cho người sử dụng.\r\n\r\nTính thoải mái và hỗ trợ:\r\n\r\nMột trong những điểm mạnh của ghế Viking chính là tính thoải mái. Đệm ghế và đệm tựa lưng được thiết kế để đáp ứng tối đa nhu cầu về hỗ trợ và sự thoải mái của người sử dụng. Chất liệu vải được sử dụng cho các đệm này có độ bền cao và dễ dàng tháo rời để vệ sinh, giúp ghế Viking luôn giữ được vẻ mới mẻ và sạch sẽ.\r\n\r\nSự linh hoạt trong sử dụng:\r\n\r\nGhế Viking không chỉ dành cho việc ngồi đọc sách hoặc thư giãn, mà còn có thể được sử dụng trong nhiều tình huống khác nhau. Từ việc làm ghế đọc sách ưa thích tại góc phòng, cho đến ghế thư giãn trong phòng khách hoặc thậm chí là ghế làm việc trong phòng làm việc cá nhân, ghế Viking luôn sẵn sàng phục vụ.\r\n\r\nSự bền bỉ và đáng giá tiền:\r\n\r\nMột trong những lợi ích lớn của việc mua ghế Viking là sự bền bỉ của nó. Sản phẩm được làm từ các vật liệu chất lượng cao và thiết kế đáng tin cậy, đảm bảo rằng bạn sẽ có một chiếc ghế phục vụ bạn trong nhiều năm tới. Với giá cả hợp lý, ghế Viking đem lại giá trị đáng kinh ngạc cho tiền bạn bỏ ra.', 2, 1, 'storage/images/22.webp', 0);
INSERT INTO `products` VALUES (23, 'Giường Đơn Trắng 90 SAPA', 1499000.00, 'Giường LUCAS là một sản phẩm nội thất đa năng, mang đến cho bạn không gian nghỉ ngơi thoải mái và tiện nghi. Giường có kích thước 1670 x 2146 x 1020 mm, phù hợp với nhiều không gian phòng ngủ khác nhau.\r\n\r\nGiường được làm từ gỗ  cao cấp, có khả năng chống ẩm, chống mối mọt, mang đến độ bền cao. Thiết kế giường đơn giản, hiện đại, với đầu giường bọc nệm êm ái. Giường có thể kết hợp với nhiều loại nệm khác nhau, phù hợp với sở thích và nhu cầu của người sử dụng.\r\n\r\nDưới đây là một số ưu điểm nổi bật của giường LUCAS :\r\n\r\nChất liệu cao cấp, bền bỉ\r\nThiết kế đơn giản, hiện đại\r\nĐầu giường bọc nệm êm ái', 2, 1, 'storage/images/23.webp', 0);
INSERT INTO `products` VALUES (24, 'Giường gỗ sồi 1m6 LUCAS', 9990000.00, 'Giường LUCAS là một sản phẩm nội thất đa năng, mang đến cho bạn không gian nghỉ ngơi thoải mái và tiện nghi. Giường có kích thước 1670 x 2146 x 1020 mm, phù hợp với nhiều không gian phòng ngủ khác nhau.\r\n\r\nGiường được làm từ gỗ  cao cấp, có khả năng chống ẩm, chống mối mọt, mang đến độ bền cao. Thiết kế giường đơn giản, hiện đại, với đầu giường bọc nệm êm ái. Giường có thể kết hợp với nhiều loại nệm khác nhau, phù hợp với sở thích và nhu cầu của người sử dụng.\r\n\r\nDưới đây là một số ưu điểm nổi bật của giường LUCAS :\r\n\r\nChất liệu cao cấp, bền bỉ\r\nThiết kế đơn giản, hiện đại\r\nĐầu giường bọc nệm êm ái', 2, 1, 'storage/images/24.webp', 0);
INSERT INTO `products` VALUES (25, 'Giường Gỗ Thông 1m6, 1m8 ALI', 4893000.00, 'Giường ngủ từ gỗ thông với thiết kế vững chắc, độ bền cao, mang đến vẻ đẹp tự nhiên cho căn phòng. Có 3 kích thước giường cho bạn chọn lựa. Hãy kết hợp với các món nội thất khác trong cùng bộ sưu tập ALI từ BAYA.', 2, 1, 'storage/images/25.webp', 0);
INSERT INTO `products` VALUES (26, 'Giường MFC 1m6, 1m8 DOMINIK', 9990000.00, 'Giường có ngăn kéo, cất đồ gọn gang\r\n\r\nĐầu giường có lưng tựa để người tựa vào nghỉ ngơi thoải mái trên giường', 2, 1, 'storage/images/26.webp', 0);
INSERT INTO `products` VALUES (27, 'Kệ sách SUND 4 tầng', 699300.00, '• Kệ sách SUND với 4 ngăn tiện dụng giúp bạn dễ dàng sắp xếp ngăn nắp góc học tập và đồ dùng cần thiết.\r\n\r\n• Phù hợp sử dụng trong phòng đọc, phòng khách hoặc phòng ngủ.\r\n\r\n• Kết hợp kệ sách cùng những sản phẩm khác trong cùng bộ sưu tập SUND để hoàn thiện không gian sống của bạn.', 2, 1, 'storage/images/27.webp', 0);
INSERT INTO `products` VALUES (28, 'Kệ Trưng Bày 3 Tầng Gỗ Sồi LIPIZZAN', 999000.00, 'Được làm từ chất liệu MDF phủ veneer sồi bền chắc, giá để đồ LIPIZZAN nổi bật với thiết kế đơn giản nhưng sang trọng và cực kỳ tiện dụng. Sản phẩm giúp bạn sắp xếp và bày trí các vật dụng vừa ngăn nắp vừa nghệ thuật, đẹp mắt. Giá để đồ có nhiều màu sắc và kích thước khác nhau cho bạn thoải mái chọn lựa. Đây là dòng sản phẩm cực kỳ độc đáo đến từ nội thất BAYA.', 2, 1, 'storage/images/28.webp', 0);
INSERT INTO `products` VALUES (29, 'Kệ Trưng Bày 4 Tầng Gỗ Sồi LIPIZZAN', 799000.00, 'Được làm từ chất liệu gỗ MDF bền chắc, giá để đồ LIPIZZAN nổi bật với thiết kế đơn giản nhưng sang trọng và cực kỳ tiện dụng. Sản phẩm giúp bạn sắp xếp và bày trí các vật dụng vừa ngăn nắp vừa nghệ thuật, đẹp mắt. Giá để đồ có nhiều màu sắc và kích thước khác nhau cho bạn thoải mái chọn lựa. Đây là dòng sản phẩm cực kỳ độc đáo đến từ nội thất BAYA.', 2, 1, 'storage/images/29.webp', 0);
INSERT INTO `products` VALUES (30, 'Kệ trưng bày MFC Xám ICONICO', 1743000.00, 'Sản phẩm được thiết kế theo phong cách hiện đại, có kích thước 75 x 35 x 75 cm, được chia thành 4 ngăn, với sức chứa tối đa là 30 kg. Sản phẩm có sự đa dạng trong màu sắc, có tới 5 màu: xám đậm, xanh oliu, vân gỗ sồi, san hô, trắng để khách hàng thoải mái lựa chọn.\r\nKhông những vậy, Kệ ICONICO còn có khả năng kết hợp với các sản phẩm ICONICO khác  và 4 nút bịt chân bàn (có thể tự điều chỉnh), có thể điều chỉnh để phù hợp với yêu cầu của khách hàng.\r\nVề tổng thể, có thể thấy sản phẩm được thiết kế vô cùng thông minh, linh hoạt và đa năng. Không chỉ đảm bảo về mặt công năng, giúp gia chủ tối ưu không gian sống, mà còn thỏa mãn tính thẩm mỹ, mang lại vẻ đẹp sang trọng cho ngôi nhà.\r\nSản phẩm được sản xuất từ nguồn gỗ đạt tiêu chuẩn của FSC về Quản lý và khai thác gỗ bền vững, đồng thời đạt chứng nhận an toàn cho sức khỏe người dùng theo tiêu chuẩn Châu Âu.\r\nNhờ vào chất liệu đạt tiêu chuẩn, sản phẩm cũng giúp chủ nhân thuận lợi hơn trong việc vệ sinh, tiết kiệm được nhiều thời gian cho công việc dọn dẹp.', 2, 1, 'storage/images/30.webp', 0);
INSERT INTO `products` VALUES (31, 'Kệ Trưng Bày Zig Zag KERMIT', 50000.00, 'Kệ trưng bày KERMIT với thiết kế đặc biệt cho bạn thoải mái sắp xếp và trang trí không gian sống của mình một cách sáng tạo. Bạn có thể gắn kệ vào tường theo hình bậc thang hoặc gợn sóng tùy thích. Kệ chắc chắn, với bề mặt trơn nhẵn, không thấm nước và dễ lau chùi; là nơi lý tưởng để bạn cất gọn sách, chưng chậu cây hay những vật nhỏ xinh tô điểm cho ngôi nhà.', 2, 1, 'storage/images/31.webp', 0);
INSERT INTO `products` VALUES (32, 'Khung chính bàn, tủ MFC/ Kim loại Nâu/ Đen VAGABOND', 507000.00, 'Khung nối tiếp trong bộ nội thất lắp ghép VAGABOND được thiết kế theo phong cách châu Âu đương đại đơn giản, chắc chắn và dễ dàng tháo lắp. Bạn có thể mua riêng các chi tiết để thỏa sức sáng tạo mẫu thiết kế yêu thích của mình, hoặc chọn từ 5 mẫu bàn/ tủ/ kệ lắp ghép sẵn phù hợp cho văn phòng tại gia và phòng ngủ có không gian nhỏ.#', 2, 1, 'storage/images/32.webp', 0);
INSERT INTO `products` VALUES (33, 'Nệm Có Chân 90 FUKUOKA', 3990000.00, 'Kích thước:\r\n\r\nChiều dài: 190 cm\r\n\r\nChiều rộng: 90 cm\r\n\r\nĐộ dày: 34 cm\r\n\r\nNệm có chân Fukuoka: Sự Kết hợp Hoàn hảo cho sự Tiện lợi và Sáng tạo\r\n\r\nĐối với những hộ gia đình có con nhỏ hoặc thường xuyên đón tiếp khách, việc có một sản phẩm đa năng và thú vị như nệm foam có chân Fukuoka là một lựa chọn tuyệt vời. Sản phẩm này không chỉ là một chiếc ghế ngồi thoải mái mà còn có thể được sử dụng để tạo ra không gian phòng gọn gàng hoặc chỗ ngủ dự phòng cho bạn và khách của bạn. Dưới đây là một số điểm nổi bật về sản phẩm này:\r\n\r\nThiết kế Hiện đại và Gọn gàng:\r\n\r\nNệm Fukuoka có thiết kế nhỏ gọn và hiện đại có thể phù hợp với rất nhiều không gian phòng. Từ kết hợp với các màu sắc tươi sáng cho phòng trẻ em đến các tông màu đơn giản cho phòng dành cho khách, sản phẩm luôn thích ứng hoàn hảo.\r\n\r\nChất liệu Foam Cao cấp:\r\n\r\nPhần quan trọng nhất của sản phẩm chính là lớp nệm foam bên trong với độ đàn hồi và độ thoáng khí cao, mang lại sự thoải mái và êm ái tuyệt vời cho người sử dụng. Fukuoka thích hợp để ngồi, nằm hay thậm chí là để thư giãn một cách thoải mái.\r\n\r\nĐa Dụng và Linh Hoạt:\r\n\r\nNệm Fukuoka có thể sử dụng cho nhiều mục đích khác nhau. Bạn có thể sử dụng nó làm giường cho trẻ em, giường cho khách, hoặc thậm chí là ghế để ngồi chơi nếu cần. Chân sắt có thể tháo rời cùng trọng lượng nhẹ khiến việc lắp đặt hoặc cất trữ trở nên hết sức dễ dàng, giúp bạn tiết kiệm được thêm không gian.', 2, 1, 'storage/images/33.webp', 0);
INSERT INTO `products` VALUES (34, 'Nệm Đơn 90, lò xo gấp gọn SAPA', 2490000.00, 'Nệm Sapa kích thước: Dài 190cm, rộng 90cm và dày 17cm, phù hợp với giường đơn Sapa.\r\n\r\nChất liệu: Foam, lò xo. Đóng họp nhỏ gọn, vỏ hộp có gắn bánh xe và tay kéo, rất tiện dụng khi vận chuyển lên thang máy chung cư, dốc đứng, ngõ nhà nhỏ hẹp.', 2, 1, 'storage/images/34.webp', 0);
INSERT INTO `products` VALUES (35, 'Nệm Foam 1m2, 1m6, 1m8 TONKIN', 6490000.00, 'Nệm Foam Tonkin - Giấc Ngủ Trọn Vẹn\r\n\r\nKích thước:\r\n\r\nChiều dài: 200 cm\r\n\r\nChiều rộng: 120 cm\r\n\r\nĐộ dày: 23 cm\r\n\r\nGiấc ngủ là một phần quan trọng trong cuộc sống của chúng ta, và để có một giấc ngủ trọn vẹn, một chiếc nệm chất lượng là điều không thể thiếu. Sản phẩm Tonkin là sản phẩm mới nhất trong Bộ sưu tập Mùa đông của Baya.\r\n\r\nChất liệu foam cao cấp:\r\n\r\nNệm Foam Tonkin được sản xuất bằng chất liệu foam cao cấp, đặc biệt là foam bọt khí tự nhiên, giúp nệm đảm bảo sự thoải mái và độ bền vượt trội. Foam này được tạo ra từ sự kết hợp của nhiều lớp foam khác nhau, tạo ra một bề mặt mềm mại và đàn hồi, giúp người sử dụng có cảm giác êm ái và thoải mái khi nằm trên nệm.\r\n\r\nHệ thống hỗ trợ cơ thể hoàn hảo:\r\n\r\nNệm Foam Tonkin được thiết kế với một hệ thống hỗ trợ cơ thể độc đáo. Các vùng cứng và mềm trải dọc theo nệm giúp tạo ra sự phân bố áp lực đồng đều trên toàn bộ cơ thể, giúp giảm căng thẳng và đau đớn trong khi nằm. Điều này không chỉ giúp bạn có giấc ngủ ngon hơn mà còn tạo ra lợi ích cho sức khỏe cơ xương và cột sống của bạn.\r\n\r\nKhả năng chống nấm mốc và khuẩn:\r\n\r\nMột điểm mạnh của nệm Foam Tonkin là khả năng chống nấm mốc và khuẩn. Vật liệu foam chống nấm mốc tự nhiên và không thấm nước, giúp ngăn chặn sự phát triển của vi khuẩn và nấm mốc trong nệm. Điều này giúp duy trì môi trường ngủ sạch sẽ và an toàn cho sức khỏe của bạn.\r\n\r\nThoải mái và êm ái:\r\n\r\nNệm Foam Tonkin được thiết kế để đảm bảo sự thoải mái tối đa. Không chỉ có khả năng tạo ra bề mặt mềm mại và êm ái, mà còn có khả năng thấm hút và thoát ẩm tốt, giúp bạn luôn có cảm giác mát mẻ và khô ráo khi nằm trên nệm.\r\n\r\nĐa dạng về kích thước:\r\n\r\nNệm Foam Tonkin có sẵn trong nhiều kích thước khác nhau, từ đơn, đôi, đến king size, phù hợp với nhu cầu và không gian ngủ của mọi người.', 2, 1, 'storage/images/35.webp', 0);
INSERT INTO `products` VALUES (36, 'Ruột Gối Ngủ Sợi Kapok NSLEEP', 599000.00, 'Nsleep là một sản phẩm ruột gối cao cấp, được thiết kế để mang lại sự thoải mái và thư giãn cho người dùng. Nsleep có những đặc điểm nổi bật sau:\r\n\r\n \r\nVỏ gối được làm từ vải tencel, một loại vải tự nhiên có khả năng thấm hút ẩm và kháng khuẩn tốt. Vải tencel còn có độ mềm mại và mịn màng, không gây kích ứng da hay tạo nếp nhăn.\r\n\r\n \r\nRuột gối được làm từ bông kapok, một loại bông thực vật có nguồn gốc từ cây gòn. Bông kapok có độ bền cao, không bị xẹp lún hay biến dạng theo thời gian. Bông kapok cũng có tính năng chống ẩm, chống nấm mốc và chống côn trùng.\r\n\r\n \r\nKích thước của ruột gối là 70cm x 50cm, phù hợp với nhiều loại đệm và ga trải giường. Trọng lượng của ruột gối là 850g, vừa phải để tạo cảm giác êm ái và vừa vặn.\r\n\r\n \r\nSản phẩm được sản xuất tại Việt Nam, đảm bảo chất lượng và an toàn cho sức khỏe.\r\n\r\n \r\nNsleep là sự lựa chọn hoàn hảo cho những ai muốn có một giấc ngủ ngon và sâu. Nsleep sẽ giúp bạn giảm căng thẳng, thư giãn cơ thể và tinh thần. Hãy đến với Nsleep để trải nghiệm sự khác biệt!', 2, 1, 'storage/images/36.webp', 0);
INSERT INTO `products` VALUES (37, 'Ruột Gối Ngủ Sợi Kapok NSLEEP Cho Trẻ Em', 299000.00, 'Ruột gối ngủ cho trẻ em Nsleep\r\n\r\nRuột gối ngủ cho trẻ em Nsleep là một sản phẩm chất lượng cao, được sản xuất tại Việt Nam với chất liệu vỏ bằng vải tencel và ruột bằng bông kapok. Vải tencel là một loại vải được làm từ cellulose, có độ bền cao, thoáng khí và thân thiện với môi trường. Bông kapok là một loại bông tự nhiên có độ mềm mại và đàn hồi cao, giúp trẻ ngủ ngon và sâu giấc hơn.\r\n\r\nRuột gối ngủ cho trẻ em Nsleep có kích thước chiều dài 40cm, rộng 45cm và trọng lượng 220g. Ruột gối có độ cao vừa phải, phù hợp với mọi tư thế nằm của trẻ em. Ruột gối được thiết kế với lỗ thông hơi ở mặt dưới, giúp thoáng khí và không bị bí bách khi sử dụng.\r\n\r\nRuột gối ngủ cho trẻ em Nsleep là một sản phẩm lý tưởng cho những trẻ có nhu cầu ngủ ngon và sâu giấc. Ruột gối có thể sử dụng cho mọi lứa tuổi, từ trẻ sơ sinh đến trẻ lớn. Ruột gối cũng có thể được sử dụng cho những trẻ có vấn đề về hô hấp, như hen suyễn hoặc viêm phế quản.\r\n\r\nRuột gối ngủ cho trẻ em Nsleep là một sản phẩm chất lượng cao, có giá cả hợp lý. Nếu bạn đang tìm kiếm một chiếc ruột gối ngủ cho trẻ em chất lượng cao, hãy đến với Nsleep.\r\n\r\nƯu điểm của ruột gối ngủ cho trẻ em Nsleep\r\n\r\nChất liệu vỏ bằng vải tencel cao cấp, thoáng khí và thân thiện với môi trường.\r\nRuột gối bằng bông kapok tự nhiên, mềm mại và đàn hồi cao.\r\nKích thước vừa phải, phù hợp với mọi tư thế nằm của trẻ em.\r\nThiết kế với lỗ thông hơi ở mặt dưới, giúp thoáng khí và không bị bí bách khi sử dụng.', 2, 1, 'storage/images/37.webp', 0);
INSERT INTO `products` VALUES (38, 'Ruột Gối Ngủ Sợi Kapok NSLEEP Cho Trẻ Sơ Sinh', 199000.00, 'Ruột Gối SIMPLE được làm từ chất liệu thông thoáng, êm ái và có độ bền cao, mang đến cho bạn giấc ngủ thật ngon. Hãy sử dụng kèm vỏ gối để tăng thêm vẻ đẹp cho phòng ngủ đồng thời vệ sinh gối dễ dàng hơn.', 2, 1, 'storage/images/38.webp', 0);
INSERT INTO `products` VALUES (39, 'Ruột Gối Ngủ Vải Cotton SIMPLE', 139300.00, 'Gối ôm Nsleep\r\n\r\nGối ôm Nsleep là một sản phẩm chất lượng cao, được sản xuất tại Việt Nam với chất liệu vỏ bằng vải tencel và ruột bằng bông kapok. Vải tencel là một loại vải được làm từ cellulose, có độ bền cao, thoáng khí và thân thiện với môi trường. Bông kapok là một loại bông tự nhiên có độ mềm mại và đàn hồi cao, giúp bạn ngủ ngon và sâu giấc hơn.\r\n\r\nGối ôm Nsleep có kích thước chiều dài 105cm, đường kính 20cm và trọng lượng 1100g. Gối có độ cao vừa phải, phù hợp với mọi tư thế nằm. Gối được thiết kế với lỗ thông hơi ở mặt dưới, giúp thoáng khí và không bị bí bách khi sử dụng.\r\n\r\nGối ôm Nsleep là một sản phẩm lý tưởng cho những người có nhu cầu ngủ ngon và sâu giấc. Gối có thể sử dụng cho mọi lứa tuổi, từ trẻ em đến người lớn. Gối cũng có thể được sử dụng cho những người có vấn đề về hô hấp, như hen suyễn hoặc viêm phế quản.\r\n\r\nGối ôm Nsleep là một sản phẩm chất lượng cao, có giá cả hợp lý. Nếu bạn đang tìm kiếm một chiếc gối ôm chất lượng cao, hãy đến với Nsleep.\r\n\r\nƯu điểm của gối ôm Nsleep\r\n\r\nChất liệu vỏ bằng vải tencel cao cấp, thoáng khí và thân thiện với môi trường.\r\nRuột gối bằng bông kapok tự nhiên, mềm mại và đàn hồi cao.\r\nKích thước vừa phải, phù hợp với mọi tư thế nằm.\r\nThiết kế với lỗ thông hơi ở mặt dưới, giúp thoáng khí và không bị bí bách khi sử dụng.', 2, 1, 'storage/images/39.webp', 0);
INSERT INTO `products` VALUES (40, 'Ruột Gối Ôm Sợi Kapok NSLEEP', 599000.00, 'Gối ôm Nsleep\r\n\r\nGối ôm Nsleep là một sản phẩm chất lượng cao, được sản xuất tại Việt Nam với chất liệu vỏ bằng vải tencel và ruột bằng bông kapok. Vải tencel là một loại vải được làm từ cellulose, có độ bền cao, thoáng khí và thân thiện với môi trường. Bông kapok là một loại bông tự nhiên có độ mềm mại và đàn hồi cao, giúp bạn ngủ ngon và sâu giấc hơn.\r\n\r\nGối ôm Nsleep có kích thước chiều dài 105cm, đường kính 20cm và trọng lượng 1100g. Gối có độ cao vừa phải, phù hợp với mọi tư thế nằm. Gối được thiết kế với lỗ thông hơi ở mặt dưới, giúp thoáng khí và không bị bí bách khi sử dụng.\r\n\r\nGối ôm Nsleep là một sản phẩm lý tưởng cho những người có nhu cầu ngủ ngon và sâu giấc. Gối có thể sử dụng cho mọi lứa tuổi, từ trẻ em đến người lớn. Gối cũng có thể được sử dụng cho những người có vấn đề về hô hấp, như hen suyễn hoặc viêm phế quản.\r\n\r\nGối ôm Nsleep là một sản phẩm chất lượng cao, có giá cả hợp lý. Nếu bạn đang tìm kiếm một chiếc gối ôm chất lượng cao, hãy đến với Nsleep.\r\n\r\nƯu điểm của gối ôm Nsleep\r\n\r\nChất liệu vỏ bằng vải tencel cao cấp, thoáng khí và thân thiện với môi trường.\r\nRuột gối bằng bông kapok tự nhiên, mềm mại và đàn hồi cao.\r\nKích thước vừa phải, phù hợp với mọi tư thế nằm.\r\nThiết kế với lỗ thông hơi ở mặt dưới, giúp thoáng khí và không bị bí bách khi sử dụng.', 2, 1, 'storage/images/40.webp', 0);
INSERT INTO `products` VALUES (41, 'Bộ Hũ Gia Vị Sứ Trắng/ Xanh Da Trời REGATTA', 100000.00, 'Bộ hũ gia vị REGATTA từ BAYA nổi bật với viền men màu trên nền chất liệu sứ trắng. Sản phẩm có kiểu dáng pha lẫn truyền thống và hiện đại, góp phần làm đẹp bàn ăn gia đình. Kết hợp cùng các phụ kiện đẹp mắt khác trong bộ sưu tập REGATTA để hoàn thiện việc bày trí cho không gian dùng bữa.', 3, 1, 'storage/images/41.webp', 0);
INSERT INTO `products` VALUES (42, 'Ca Đo Lường Nhựa Trong Suốt ∙ Thể Tích 600ml RECIPE', 48300.00, 'Cốc đo lường RECIPE dung tích 500ml thuộc bộ sưu tập dùng trong nhà bếp mới của nội thất BAYA với chất liệu an toàn cùng thiết kế hiện đại và tiện dụng. Đây là sản phẩm giúp việc định lượng pha chế và chiết rót trong quá trình nấu nướng trở nên dễ dàng hơn bao giờ hết nhờ vạch chỉ ml chính xác. Sản phẩm được làm bằng nhựa cao cấp trong suốt với độ bền cao cho thời gian sử dụng lâu dài. Kết hợp trọn bộ sản phẩm RECIPE cho căn bếp hoàn chỉnh của gia đình bạn.', 3, 1, 'storage/images/42.webp', 0);
INSERT INTO `products` VALUES (43, 'Cặp Hũ Rắc Muối Và Tiêu Nhựa RECIPE', 69300.00, 'Bộ hũ muối & tiêu RECIPE thuộc bộ sưu tập dùng trong nhà bếp mới của nội thất BAYA với chất liệu cao cấp, an toàn cùng thiết kế hiện đại và tiện dụng. Sản phẩm được làm từ chất liệu nhựa cứng trong suốt, phối màu trang nhã và sang trọng tạo điểm nhấn trên bàn ăn. 2 hũ có nam châm giúp cố định bộ đôi với nhau một cách dễ dàng, tiện lợi khi sử dụng. Kết hợp trọn bộ sản phẩm RECIPE cho căn bếp hoàn chỉnh của gia đình bạn.', 3, 1, 'storage/images/43.webp', 0);
INSERT INTO `products` VALUES (44, 'Cây Vét Bột Silicone/ Gỗ Màu Xanh Ngọc RECIPE', 69300.00, 'Dụng cụ vét bột RECIPE thuộc bộ sưu tập dùng trong nhà bếp mới của nội thất BAYA với chất liệu an toàn cùng thiết kế hiện đại và tiện dụng. Đây là sản phẩm giúp việc trộn/ vét bột trong quá trình làm bánh trở nên dễ dàng hơn bao giờ hết nhờ kết cấu mỏng nhẹ, với tay cầm bằng gỗ bọc nhựa chắc chắn. Sản phẩm được làm bằng 100% silicon cao cấp với độ bền cao cho thời gian sử dụng lâu dài. Kết hợp trọn bộ sản phẩm RECIPE cho căn bếp hoàn chỉnh của gia đình bạn.', 3, 1, 'storage/images/44.webp', 0);
INSERT INTO `products` VALUES (45, 'Chén Đựng Snack Gỗ Cao Su NAPA', 249000.00, 'Chén đựng snack NAPA thuộc bộ sưu tập vật dụng bàn ăn cùng tên của BAYA lấy cảm hứng từ những bữa tiệc nướng BBQ theo phong cách Âu Mỹ. Sản phẩm làm từ gỗ cao su bền chắc, an toàn cho sức khoẻ với lớp sơn thủ công màu giả cổ độc đáo phủ PU bóng đẹp. Chén đựng snack NAPA phù hợp với các món salad hoặc hạt khô, ô-liu… Bày trí bàn ăn thật bắt mắt với bộ sưu tập NAPA đẹp mộc mạc, thân thiện với môi trường cho không gian dùng bữa của bạn một phong cách riêng thật đặc biệt!', 3, 1, 'storage/images/45.webp', 0);
INSERT INTO `products` VALUES (46, 'Cốc Gốm Nhiều Màu ∙ Vol 350ml SUNFLOWER', 30000.00, 'Với tông màu trắng, kèm họa tiết hoa lá, tạo nên cảm giác nhẹ nhàng, tinh tế, và một chút bay bổng. Bộ sưu tập gồm chén, bát, đĩa, bình, ly phù hợp với nhiều nhu cầu sử dụng. Sản phẩm được làm từ chất liệu sứ, đảm bảo an toàn sức khỏe cho người sử dụng.', 3, 1, 'storage/images/46.webp', 0);
INSERT INTO `products` VALUES (47, 'Cốc Sứ BLACK-&-WHITE Hoa Văn Đen Trắng', 116100.00, 'Như cái tên “ Black & White” đã thể hiện lên tông màu chủ đạo của bộ sưu tập này chỉ với hai màu đen và trắng kết hợp, sản phẩm đã toát lên vẻ đẹp thuần khiết, phóng khoáng pha chút huyền bí và sang trọng. Theo phong cách này, khách sử dụng dễ bày biện, trang trí, đặt đồ ăn lên trên. Sản phẩm được làm từ chất liệu sứ đảm bảo an toàn cho sức khỏe người dùng, dễ dàng bảo quản, tiện lợi khi sử dụng.', 3, 1, 'storage/images/47.webp', 0);
INSERT INTO `products` VALUES (48, 'Cốc Sứ FLORAL Hoa Văn Hoa Lá', 125100.00, 'Với tông màu trắng, kèm họa tiết hoa lá, tạo nên cảm giác nhẹ nhàng, tinh tế, và một chút bay bổng. Bộ sưu tập gồm chén, bát, đĩa, bình, ly phù hợp với nhiều nhu cầu sử dụng. Sản phẩm được làm từ chất liệu sứ, đảm bảo an toàn sức khỏe cho người sử dụng.', 3, 1, 'storage/images/48.webp', 0);
INSERT INTO `products` VALUES (49, 'Cốc Sứ VICTORIA Hoa Văn Xanh', 98100.00, 'BAYA xin giới thiệu bộ sưu tập Victoria, cổ điển nhưng không nhàm chán, bộ sưu tập sẽ rất thích hợp cho những vị khách yêu thích sự sang trọng và tao nhã đem lại cho bạn cảm giác như một vị công nương kiều diễm hay một ngài bá tước uy quyền. Bộ sưu tập chú trọng nét tinh tế, nghệ thuật trong từng chi tiết với hoa văn tinh xảo, tỉ mỉ, thể hiện cá tính mang đậm dấu ấn và phong cách của chủ nhân. Sản phẩm được làm từ sứ đảm bảo an toàn sức khỏe, dễ dàng bảo quản, tiện lợi khi sử dụng, nâng tầm chất lượng sống của gia đình bạn.', 3, 1, 'storage/images/49.webp', 0);
INSERT INTO `products` VALUES (50, 'Cốc TURKOIS', 55300.00, 'Ly TURKOIS là lựa chọn hoàn hảo cho không gian chuyện trò ấm cúng. Thuộc bộ sưu tập thiết kế đặc biệt của BAYA được sản xuất tại Bát Tràng với nghệ thuật vẽ tay độc đáo, sản phẩm sở hữu kiểu dáng và gam màu xanh ngọc đẹp mắt. Họa tiết cá Koi bơi thành vòng tròn trong làn nước, lấy cảm hứng từ nền văn hóa Á Đông luôn tôn vinh vẻ đẹp của sự hài hòa, sung túc và viên mãn. Kết hợp với bộ vật dụng bàn ăn TURKOIS để mang phong cách truyền thống pha lẫn chút hiện đại cho ngôi nhà bạn thêm điểm nhấn.', 3, 1, 'storage/images/50.webp', 0);
INSERT INTO `products` VALUES (51, 'Dao Thép Không Gỉ RECIPE', 244300.00, 'Dao chặt RECIPE thuộc dòng sản phẩm dùng trong nhà bếp mới của nội thất BAYA với chất liệu cao cấp, an toàn cho sức khoẻ cùng thiết kế hiện đại và tiện dụng. Dao có phần lưỡi dày, bề ngang rộng giúp chặt, cắt hoặc băm thịt một cách dễ dàng và đẹp mắt. Lưỡi dao bằng thép siêu bền, tay cầm bằng gỗ óc chó cao cấp chắc tay và kháng nước. Kết hợp trọn bộ sản phẩm RECIPE cho căn bếp hoàn chỉnh của gia đình bạn.', 3, 1, 'storage/images/51.webp', 0);
INSERT INTO `products` VALUES (52, 'Đĩa Ăn Súp BLACK-&-WHITE Hoa Văn Đen Trắng', 170100.00, 'Như cái tên “ Black & White” đã thể hiện lên tông màu chủ đạo của bộ sưu tập này chỉ với hai màu đen và trắng kết hợp, sản phẩm đã toát lên vẻ đẹp thuần khiết, phóng khoáng pha chút huyền bí và sang trọng. Theo phong cách này, khách sử dụng dễ bày biện, trang trí, đặt đồ ăn lên trên. Sản phẩm được làm từ chất liệu sứ đảm bảo an toàn cho sức khỏe người dùng, dễ dàng bảo quản, tiện lợi khi sử dụng', 3, 1, 'storage/images/52.webp', 0);
INSERT INTO `products` VALUES (53, 'Đĩa Lớn Gốm Vàng Họa Tiết Hoa FELICIA', 1290000.00, 'Được làm từ chất liệu gốm sứ Bát Tràng, đĩa lớn FELICIA là thành quả của sự tinh tế và cẩn thận từ bàn tay của những người thợ lành nghề nhất nơi làng gốm trứ danh Việt Nam. Họa tiết vẽ tay uốn lượn giản đơn từ ba sắc màu vàng, đỏ, và xanh lá cây mang lại phong vị của một Việt Nam xưa nhưng vẫn phảng phất nét hiện đại đây đó nơi nét cong tròn của cạnh đĩa.\r\n\r\nSản phẩm có 3 kích cỡ khác nhau cho khách hàng có sự lựa chọn đa dạng.', 3, 1, 'storage/images/53.webp', 0);
INSERT INTO `products` VALUES (54, 'Đĩa Lót Tách TURKOIS', 27300.00, 'Đĩa lót TURKOIS thuộc bộ sưu tập thiết kế đặc biệt của BAYA, lấy cảm hứng từ nền văn hóa Á Đông tôn vinh vẻ đẹp của sự hài hòa, sung túc và viên mãn. Sản xuất tại Bát Tràng với kiểu dáng và gam màu xanh ngọc đẹp mắt, sản phẩm là lựa chọn hoàn hảo cho không gian chuyện trò ấm cúng. Kết hợp trọn bộ ấm tách trà TURKOIS để mang phong cách truyền thống pha lẫn chút hiện đại cho ngôi nhà bạn thêm điểm nhấn.', 3, 1, 'storage/images/54.webp', 0);
INSERT INTO `products` VALUES (55, 'Đĩa Sứ Ăn Súp FLORAL Hoa Văn Hoa Lá', 170100.00, 'BAYA xin giới thiệu bộ sưu tập Victoria, cổ điển nhưng không nhàm chán, bộ sưu tập sẽ rất thích hợp cho những vị khách yêu thích sự sang trọng và tao nhã đem lại cho bạn cảm giác như một vị công nương kiều diễm hay một ngài bá tước uy quyền. Bộ sưu tập chú trọng nét tinh tế, nghệ thuật trong từng chi tiết với hoa văn tinh xảo, tỉ mỉ, thể hiện cá tính mang đậm dấu ấn và phong cách của chủ nhân. Sản phẩm được làm từ sứ đảm bảo an toàn sức khỏe, dễ dàng bảo quản, tiện lợi khi sử dụng, nâng tầm chất lượng sống của gia đình bạn.', 3, 1, 'storage/images/55.webp', 0);
INSERT INTO `products` VALUES (56, 'Đĩa Sứ Ăn Súp VICTORIA Hoa Văn Xanh', 152100.00, 'BAYA xin giới thiệu bộ sưu tập Victoria, cổ điển nhưng không nhàm chán, bộ sưu tập sẽ rất thích hợp cho những vị khách yêu thích sự sang trọng và tao nhã đem lại cho bạn cảm giác như một vị công nương kiều diễm hay một ngài bá tước uy quyền. Bộ sưu tập chú trọng nét tinh tế, nghệ thuật trong từng chi tiết với hoa văn tinh xảo, tỉ mỉ, thể hiện cá tính mang đậm dấu ấn và phong cách của chủ nhân. Sản phẩm được làm từ sứ đảm bảo an toàn sức khỏe, dễ dàng bảo quản, tiện lợi khi sử dụng, nâng tầm chất lượng sống của gia đình bạn.', 3, 1, 'storage/images/56.webp', 0);
INSERT INTO `products` VALUES (57, 'Đĩa Sứ BLACK-&-WHITE Hoa Văn Đen Trắng', 89100.00, 'Như cái tên “ Black & White” đã thể hiện lên tông màu chủ đạo của bộ sưu tập này chỉ với hai màu đen và trắng kết hợp, sản phẩm đã toát lên vẻ đẹp thuần khiết, phóng khoáng pha chút huyền bí và sang trọng. Theo phong cách này, khách sử dụng dễ bày biện, trang trí, đặt đồ ăn lên trên. Sản phẩm được làm từ chất liệu sứ đảm bảo an toàn cho sức khỏe người dùng, dễ dàng bảo quản, tiện lợi khi sử dụng', 3, 1, 'storage/images/57.webp', 0);
INSERT INTO `products` VALUES (58, 'Đĩa Sứ FLORAL Hoa Văn Hoa Lá', 89100.00, 'Với tông màu trắng, kèm họa tiết hoa lá, tạo nên cảm giác nhẹ nhàng, tinh tế, và một chút bay bổng. Bộ sưu tập gồm chén, bát, đĩa, bình, ly\r\nphù hợp với nhiều nhu cầu sử dụng. Sản phẩm được làm từ chất liệu sứ, đảm bảo an toàn sức khỏe cho người sử dụng.', 3, 1, 'storage/images/58.webp', 0);
INSERT INTO `products` VALUES (59, 'Đĩa Sứ VICTORIA Hoa Văn Xanh', 89100.00, 'BAYA xin giới thiệu bộ sưu tập Victoria, cổ điển nhưng không nhàm chán, bộ sưu tập sẽ rất thích hợp cho những vị khách yêu thích sự sang trọng và tao nhã đem lại cho bạn cảm giác như một vị công nương kiều diễm hay một ngài bá tước uy quyền. Bộ sưu tập chú trọng nét tinh tế, nghệ thuật trong từng chi tiết với hoa văn tinh xảo, tỉ mỉ, thể hiện cá tính mang đậm dấu ấn và phong cách của chủ nhân. Sản phẩm được làm từ sứ đảm bảo an toàn sức khỏe, dễ dàng bảo quản, tiện lợi khi sử dụng, nâng tầm chất lượng sống của gia đình bạn.', 3, 1, 'storage/images/59.webp', 0);
INSERT INTO `products` VALUES (60, 'Đĩa TURKOIS', 55300.00, 'Đĩa TURKOIS thuộc bộ sưu tập thiết kế đặc biệt của BAYA được sản xuất tại Bát Tràng với nghệ thuật vẽ tay độc đáo. Sản phẩm sở hữu kiểu dáng đẹp mắt và gam màu xanh ngọc mang hơi thở thiên nhiên vào gian bếp và phòng ăn của gia đình bạn. Họa tiết cá Koi bơi thành vòng tròn trong làn nước, lấy cảm hứng từ nền văn hóa Á Đông luôn tôn vinh vẻ đẹp của sự hài hòa, sung túc và viên mãn. Chọn TURKOIS để mang phong cách truyền thống đan xen chút hiện đại vào không gian dùng bữa cho ngôi nhà bạn thêm điểm nhấn.', 3, 1, 'storage/images/60.webp', 0);
INSERT INTO `products` VALUES (61, 'Ghế văn phòng xoay nâng hạ JOY', 990000.00, 'Ghế văn phòng Joy với bộ khung chắc chắn, nệm foam và bọc vải mesh là một lựa chọn phù hợp cho bàn học/bàn làm việc gia đình hoặc không gian công sở nhỏ.\r\n\r\n1. Thiết kế:\r\n\r\n- Ghế Joy có thiết kế trẻ trung và hiện đại, thích hợp cho các môi trường văn phòng hiện đại, như văn phòng công ty, cơ quan, hoặc không gian làm việc tại nhà.\r\n\r\n- Ghế có kích thước nhỏ gọn, phù hợp với không gian nhỏ hoặc tạo ra sự gọn gàng cho văn phòng của bạn.\r\n\r\n2. Đệm foam:\r\n\r\n- Ghế Joy được trang bị đệm foam bọc bên trong lớp vải mesh, giúp cung cấp sự thoải mái và hỗ trợ cho người sử dụng trong thời gian dài.\r\n\r\n- Foam có độ đàn hồi tốt, giúp giảm áp lực lên cơ lưng và cột sống, làm giảm mệt mỏi trong quá trình làm việc hoặc làm công việc liên quan đến ngồi nhiều giờ.\r\n\r\n3. Vải mesh:\r\n\r\n- Lớp vải mesh trải dọc lưng ghế Joy giúp cải thiện thông thoáng và thoáng khí, giúp người sử dụng cảm thấy thoải mái và không bị nóng khi ngồi trong thời gian dài.\r\n\r\n- Vải mesh thường làm từ các sợi vải có độ co dãn, tạo sự ôm vừa vặn và hỗ trợ cho lưng và cổ.', 4, 1, 'storage/images/61.webp', 0);
INSERT INTO `products` VALUES (62, 'Ghế Văn Phòng / Ghế Giám Đốc Bọc Da ETHAN', 3990000.00, 'Ghế văn phòng ETHAN là một sản phẩm ghế văn phòng cao cấp với thiết kế hiện đại, đẹp mắt và rất thoải mái. Ghế được làm từ vật liệu chất lượng cao như da tổng hợp hoặc vải bố, kết hợp với khung thép bền chắc, đem lại cho người sử dụng một sự thoải mái tối đa.\r\n\r\nGhế ETHAN được thiết kế với nhiều tính năng thông minh, như điều chỉnh chiều cao và độ nghiêng của lưng ghế, giúp người sử dụng có thể tùy chỉnh để phù hợp với cơ thể và tạo cảm giác thoải mái khi làm việc. Đặc biệt, ghế còn có bộ đệm êm ái và cần hơi gió bằng tay, giúp người sử dụng giảm bớt mệt mỏi và căng thẳng trong quá trình làm việc.\r\n\r\nVới sự kết hợp giữa thiết kế hiện đại và tính năng thông minh, ghế văn phòng ETHAN là một lựa chọn tuyệt vời cho những ai muốn tìm kiếm một sản phẩm ghế văn phòng chất lượng cao, thoải mái và phù hợp với phong cách trang trí hiện đại của văn phòng.', 4, 1, 'storage/images/62.webp', 0);
INSERT INTO `products` VALUES (63, 'Ghế Văn Phòng Bọc Da JAMES', 1990000.00, 'Ghế văn phòng JAMES là một sản phẩm ghế văn phòng cao cấp với thiết kế hiện đại, đẹp mắt và rất thoải mái. Ghế được làm từ vật liệu chất lượng cao như da tổng hợp hoặc vải bố, kết hợp với khung thép bền chắc, đem lại cho người sử dụng một sự thoải mái tối đa.\r\n\r\nGhế JAMES được thiết kế với nhiều tính năng thông minh, như điều chỉnh chiều cao và độ nghiêng của lưng ghế, giúp người sử dụng có thể tùy chỉnh để phù hợp với cơ thể và tạo cảm giác thoải mái khi làm việc. Đặc biệt, ghế còn có bộ đệm êm ái và cần hơi gió bằng tay, giúp người sử dụng giảm bớt mệt mỏi và căng thẳng trong quá trình làm việc.\r\n\r\nVới sự kết hợp giữa thiết kế hiện đại và tính năng thông minh, ghế văn phòng JAMES là một lựa chọn tuyệt vời cho những ai muốn tìm kiếm một sản phẩm ghế văn phòng chất lượng cao, thoải mái và phù hợp với phong cách trang trí hiện đại của văn phòng.', 4, 1, 'storage/images/63.webp', 0);
INSERT INTO `products` VALUES (64, 'Ghế Ngồi Học xoay nâng hạ JOY Cho Trẻ Em', 1190000.00, 'Ghế văn phòng Joy với bộ khung chắc chắn, nệm foam và bọc vải mesh là một lựa chọn phù hợp cho bàn học/bàn làm việc gia đình hoặc không gian công sở nhỏ.\r\n\r\n1. Thiết kế:\r\n\r\n- Ghế Joy có thiết kế trẻ trung và hiện đại, thích hợp cho các môi trường văn phòng hiện đại, như văn phòng công ty, cơ quan, hoặc không gian làm việc tại nhà.\r\n\r\n- Ghế có kích thước nhỏ gọn, phù hợp với không gian nhỏ hoặc tạo ra sự gọn gàng cho văn phòng của bạn.\r\n\r\n2. Đệm foam:\r\n\r\n- Ghế Joy được trang bị đệm foam bọc bên trong lớp vải mesh, giúp cung cấp sự thoải mái và hỗ trợ cho người sử dụng trong thời gian dài.\r\n\r\n- Foam có độ đàn hồi tốt, giúp giảm áp lực lên cơ lưng và cột sống, làm giảm mệt mỏi trong quá trình làm việc hoặc làm công việc liên quan đến ngồi nhiều giờ.\r\n\r\n3. Vải mesh:\r\n\r\n- Lớp vải mesh trải dọc lưng ghế Joy giúp cải thiện thông thoáng và thoáng khí, giúp người sử dụng cảm thấy thoải mái và không bị nóng khi ngồi trong thời gian dài.\r\n\r\n- Vải mesh thường làm từ các sợi vải có độ co dãn, tạo sự ôm vừa vặn và hỗ trợ cho lưng và cổ.', 4, 1, 'storage/images/64.webp', 0);
INSERT INTO `products` VALUES (65, 'Ghế Văn Phòng xoay nâng hạ KYLE', 1490000.00, 'Ghế văn phòng KYLE là một sản phẩm ghế văn phòng cao cấp với thiết kế hiện đại, đẹp mắt và rất thoải mái. Ghế được làm từ vật liệu chất lượng cao như da tổng hợp hoặc vải bố, kết hợp với khung thép bền chắc, đem lại cho người sử dụng một sự thoải mái tối đa.\r\n\r\nGhế KYLE được thiết kế với nhiều tính năng thông minh, như điều chỉnh chiều cao và độ nghiêng của lưng ghế, giúp người sử dụng có thể tùy chỉnh để phù hợp với cơ thể và tạo cảm giác thoải mái khi làm việc. Đặc biệt, ghế còn có bộ đệm êm ái và cần hơi gió bằng tay, giúp người sử dụng giảm bớt mệt mỏi và căng thẳng trong quá trình làm việc.\r\n\r\nVới sự kết hợp giữa thiết kế hiện đại và tính năng thông minh, ghế văn phòng KYLE là một lựa chọn tuyệt vời cho những ai muốn tìm kiếm một sản phẩm ghế văn phòng chất lượng cao, thoải mái và phù hợp với phong cách trang trí hiện đại của văn phòng.', 4, 1, 'storage/images/65.webp', 0);
INSERT INTO `products` VALUES (66, 'Bàn làm việc Fence', 24720000.00, 'Ghế văn phòng Joy với bộ khung chắc chắn, nệm foam và bọc vải mesh là một lựa chọn phù hợp cho bàn học/bàn làm việc gia đình hoặc không gian công sở nhỏ.\r\n\r\n1. Thiết kế:\r\n\r\n- Ghế Joy có thiết kế trẻ trung và hiện đại, thích hợp cho các môi trường văn phòng hiện đại, như văn phòng công ty, cơ quan, hoặc không gian làm việc tại nhà.\r\n\r\n- Ghế có kích thước nhỏ gọn, phù hợp với không gian nhỏ hoặc tạo ra sự gọn gàng cho văn phòng của bạn.\r\n\r\n2. Đệm foam:\r\n\r\n- Ghế Joy được trang bị đệm foam bọc bên trong lớp vải mesh, giúp cung cấp sự thoải mái và hỗ trợ cho người sử dụng trong thời gian dài.\r\n\r\n- Foam có độ đàn hồi tốt, giúp giảm áp lực lên cơ lưng và cột sống, làm giảm mệt mỏi trong quá trình làm việc hoặc làm công việc liên quan đến ngồi nhiều giờ.\r\n\r\n3. Vải mesh:\r\n\r\n- Lớp vải mesh trải dọc lưng ghế Joy giúp cải thiện thông thoáng và thoáng khí, giúp người sử dụng cảm thấy thoải mái và không bị nóng khi ngồi trong thời gian dài.\r\n\r\n- Vải mesh thường làm từ các sợi vải có độ co dãn, tạo sự ôm vừa vặn và hỗ trợ cho lưng và cổ.', 4, 1, 'storage/images/66.webp', 0);
INSERT INTO `products` VALUES (67, 'Kệ Gỗ – Kệ Sách MOHO OSLO 901', 174900.00, 'Bộ sưu tập nội thất OSLO lấy ý tưởng từ những nhịp sống hiện đại, hối hả của thành phố OSLO của Na Uy. Đặc trưng của các sản phẩm từ bộ sưu tập nội thất này là những đường nét bo tròn đến hoàn hảo. Đặc biệt chi tiết hình tròn được tận dụng một cách độc đáo và mới mẻ vào trong từng thiết kế, thổi làn gió hiện đại cho mọi không gian. \r\nKhông gian lưu trữ lớn\r\nThiết kế ngăn kệ rộng, chịu tải trọng lớn giúp tối ưu khả năng lưu trữ.\r\nĐộ hoàn thiện cao \r\nChi tiết vân gỗ tự nhiên, tỉ mỉ trong từng đường nét mang đến không gian nội thất hiện đại. \r\nCó 02 màu chọn lựa\r\nTủ kệ sách OSLO hiện có 02 màu gồm: màu tự nhiên và nâu. Khách hàng chọn lựa màu sắc phù hợp với những món đồ nội thất khác MOHO để nên không gian đồng điệu về phong cách', 4, 1, 'storage/images/67.webp', 0);
INSERT INTO `products` VALUES (68, 'Bàn Làm Việc Gỗ MOHO VLINE 601 Màu Nâu', 1590000.00, 'Gỗ công nghiệp \r\n\r\nBàn làm việc sử dụng chất liệu gỗ công nghiệp (PB, MDF) đạt chuẩn CARB-P2 an toàn tuyệt đối cho người sức khỏe người dùng và đạt chứng nhận FSC bảo vệ và phát triển rừng, góp phần vào sự phát triển rừng một cách bền vững.\r\n\r\nGỗ tràm\r\n\r\nChất liệu gỗ tràm tự nhiên đảm bảo vệ độ chắc chắn cao, chống công vênh, mối mọt cho bàn làm việc.', 4, 1, 'storage/images/68.webp', 0);
INSERT INTO `products` VALUES (69, 'Bàn Làm Việc Gỗ MOHO VLINE 601 Màu Tự Nhiên', 1890000.00, 'Các thiết kế trong bộ sưu tập nội thất VLINE mang trong mình nét đẹp đặc trưng của hồn Việt cùng vẻ đẹp năng động của thời đại. V” là viết tắt của từ “Việt” trong “Việt Nam”. “LINE” là các đường nét mang xu hướng hiện đại, phóng khoáng của ngày nay. \r\n\r\nBàn có kích thước vừa phải\r\nVới kích thước vừa phải, gọn gàng, không chiếm quá nhiều diện tích, độ rộng vừa đủ có thể để được nhiều vật dụng như: tài liệu, máy vi tính, laptop, sách.', 4, 1, 'storage/images/69.webp', 0);
INSERT INTO `products` VALUES (70, 'Bàn Làm Việc Gỗ MOHO WORKS 701', 1990000.00, 'Mặt bàn rộng rãi, thoải mái\r\nBàn làm việc gỗ MOHO WORKS 701 sở hữu kích thước dài 120cm x rộng 60cm đảm bảo sự thoải mái cho người dùng bày biện nhiều đồ vật từ máy tính bàn hoặc laptop, sách vở, dụng cụ làm việc khác mà vẫn giữ được không gian làm việc tiện lợi.', 4, 1, 'storage/images/70.webp', 0);
INSERT INTO `products` VALUES (71, 'Hộc Tủ 3 Ngăn Lưu Trữ Tài Liệu Có Khóa MOHO WORKS 201', 1190000.00, 'Thiết kế nhỏ gọn\r\nVới chiều rộng chỉ 35cm, hộc tủ dễ dàng đặt bên dưới bàn làm việc mà không gây cản trở không gian, tạo sự thuận tiện và thoải mái cho người dùng.\r\n3 tầng lưu trữ\r\nMặc dù tủ có thiết kế nhỏ gọn nhưng vẫn được thiết kế có 3 tầng để sắp xếp, phân loại và lưu trữ hồ sơ. Vừa vặn với giấy tờ có kích thước A4.\r\nKhóa tủ an toàn\r\nNgăn đầu tiên được trang bị khóa kim loại an toàn và cao cấp để bạn cất giữ các vật dụng cá nhân hoặc hồ sơ quan trọng.\r\nRay trượt IVANs\r\nNgăn tủ sử dụng ray trượt IVANs bền bỉ chống rỉ sét, mang đến trải nghiệm êm ái khi đóng mở ngăn tủ.\r\nTrang bị bánh xe kèm khóa chốt\r\nHộc tủ được trang bị bánh xe nhựa cao cấp ở 4 góc, quay 360 độ, đi kèm khóa chốt giúp dễ dàng di chuyển cũng như cố định tại bất kì vị trí nào.', 4, 1, 'storage/images/71.webp', 0);
INSERT INTO `products` VALUES (72, 'Kệ Gỗ – Kệ Sách MOHO OSLO 902', 1959000.00, 'Bộ sưu tập nội thất OSLO lấy ý tưởng từ những nhịp sống hiện đại, hối hả của thành phố OSLO của Na Uy. Đặc trưng của các sản phẩm từ bộ sưu tập nội thất này là những đường nét bo tròn đến hoàn hảo. Đặc biệt chi tiết hình tròn được tận dụng một cách độc đáo và mới mẻ vào trong từng thiết kế, thổi làn gió hiện đại cho không gian nội thất phòng khách.\r\n\r\nThiết kế tối ưu thông minh\r\n\r\nCó nhiều ngăn kệ để đồ tiện dụng, trang bị thêm cửa đóng mở để lưu trữ các đồ vật quan trọng, tránh được bụi bẩn.', 4, 1, 'storage/images/72.webp', 0);
INSERT INTO `products` VALUES (73, 'Ghế Xoay Văn Phòng Tay Gập Thông Minh MOHO RIGA 701', 1390000.00, 'Nhựa cao cấp\r\nKhung ghế, tựa tay và bánh xe được làm bằng nhựa cao cấp có độ bền sử dụng cao\r\n\r\nVải lưới mềm mại thoáng khí\r\nVới chất liệu vải nhập cao cấp, thoáng khí giúp bạn luôn thoải mái dù sử dụng trong nhiều giờ', 4, 1, 'storage/images/73.webp', 0);
INSERT INTO `products` VALUES (74, 'Ghế Văn Phòng Chân Xoay MOHO MAJOR 701', 1329000.00, 'Thiết kế bo cong mềm mại và bền bỉ\r\nGhế Văn Phòng Chân Xoay MOHO MAJOR 701 sử dụng khung nhựa bo cong từng đường nét vừa tạo cảm giác mềm mại, thiết kế hiện đại linh hoạt vừa hỗ trợ lưng và cột sống mang lại cảm giác thoải mái, hạn chế nhức mỏi khi sử dụng lâu.', 4, 1, 'storage/images/74.webp', 0);
INSERT INTO `products` VALUES (75, 'Bàn Máy Tính Gỗ MOHO WORKS 702', 2790000.00, 'Bàn máy tính gỗ MOHO WORKS 702 sở hữu kích thước của mẫu bàn làm việc tiêu chuẩn với Dài 120cm x Rộng 60cm đảm bảo sự thoải mái cho người dùng, bạn dễ dàng bài trí tối đa 3 màn hình máy tính đi kèm với đó các dụng cụ, thiết bị công nghệ khác. Ngoài ra, bàn máy tính gỗ MOHO WORKS 702 được thiết kế thêm 01 giá đỡ ổ điện đi kèm với kích thước Dài 33cm x Rộng 10cm x Sâu 12cm giúp bạn bài trí góc làm việc trở nên gọn gàng.\r\n\r\n', 4, 1, 'storage/images/75.webp', 0);
INSERT INTO `products` VALUES (76, 'Bàn Làm Việc Gỗ Có Kệ MOHO VLINE 602 Màu Nâu', 2169000.00, 'Các thiết kế trong bộ sưu tập nội thất VLINE mang trong mình nét đẹp đặc trưng của hồn Việt cùng vẻ đẹp năng động của thời đại. V” là viết tắt của từ “Việt” trong “Việt Nam”. “LINE” là các đường nét mang xu hướng hiện đại, phóng khoáng của ngày nay. \r\n\r\nBàn học, làm việc có kích thước vừa phải\r\nBàn làm việc kích thước vừa phải, gọn gàng, không chiếm quá nhiều diện tích. Mặt bàn có độ rộng vừa đủ có thể để được nhiều vật dụng như: tài liệu, máy vi tính, laptop, sách.', 4, 1, 'storage/images/76.webp', 0);
INSERT INTO `products` VALUES (77, 'Ghế Xoay Văn Phòng Ngả Lưng MOHO JEFE 701', 2190000.00, '* Ghế văn phòng có yếu tố công thái học (Ergonomic) - điều chỉnh phần tựa cổ, tay tựa, chiều cao ghế phù hợp mọi dáng người ngồi\r\nTựa đầu 3 chiều cỡ lớn\r\nTựa đầu 3 chiều giúp cho phần cổ và gáy của bạn được hỗ trợ linh hoạt ở bất kỳ tư thế nào khi sử dụng. Vải lưới cao cấp kế hợp cùng thiết kế bo cong không những mang lại sự chắc chắn, độ bền cao mà còn có thể điều chỉnh 3 chiều mang lại cảm giá thoải mái, phù hợp với thể trạng của rất nhiều người.\r\n\r\nHơn nữa, với sự linh hoạt của đầu ghế còn giúp bạn dễ dàng điều chỉnh độ cao trong khoảng 16 - 22cm và góc phù hợp với mọi loại bàn.', 4, 1, 'storage/images/77.webp', 0);
INSERT INTO `products` VALUES (78, 'Bàn Làm Việc Gỗ MOHO FYN 601 Màu Nâu', 2490000.00, 'Đề cao tính tiện nghi và tối giản trong không gian sống, MOHO mang đến thiết kế bàn làm việc FYN hiện đại, màu sắc trang nhã. Bàn làm việc FYN bổ sung cho không gian nhà bạn một sản phẩm đầy tính tiện nghi và thiết kế tinh tế, không chỉ giúp bạn đạt được hiệu suất làm việc tối đa mà còn mang đến cho góc làm việc của bạn thêm tính hài hòa về mặt thị giác.\r\n\r\nKiểu dáng bàn học, bàn làm việc thể hiện nét tinh tế, tối giản, hiện đại\r\nBàn làm việc FYN sở hữu thiết kế đơn giản, không cầu kỳ nhưng được xử lý tỉ mỉ từng chi tiết. Với các đường nét bo góc tại mặt bàn cùng với dán veneer tràm tự nhiên tại phần mặt hộc tủ, tạo nên cảm giác sang trọng và hiện đại cho góc làm việc, học tập của bạn.', 4, 1, 'storage/images/78.webp', 0);
INSERT INTO `products` VALUES (79, 'Bàn Làm Việc Gỗ Có Kệ MOHO VLINE 602 Màu Tự Nhiên', 3000000.00, 'Các thiết kế trong bộ sưu tập nội thất VLINE mang trong mình nét đẹp đặc trưng của hồn Việt cùng vẻ đẹp năng động của thời đại. V” là viết tắt của từ “Việt” trong “Việt Nam”. “LINE” là các đường nét mang xu hướng hiện đại, phóng khoáng của ngày nay. \r\n\r\nBàn có kích thước vừa phải\r\nVới kích thước vừa phải, gọn gàng, không chiếm quá nhiều diện tích, độ rộng vừa đủ có thể để được nhiều vật dụng như: tài liệu, máy vi tính, laptop, sách.', 4, 1, 'storage/images/79.webp', 0);
INSERT INTO `products` VALUES (80, 'Kệ Để Sách 3 Tầng MOHO WORKS 703', 1890000.00, 'Thiết kế đa năng, hiện đại\r\nKệ sách đa năng MOHO WORKS có thiết kế chia tầng mới lạ, hiện đại giúp bạn dễ dàng sử dụng làm kệ trang trí, kệ sách hoặc kệ bếp tùy sở thích.\r\nChiều cao giữa các tầng lớn\r\nKệ được thiết kế với khoảng cách gần 31.5cm giữa các tầng giúp bạn có thể trưng bày những vật cao hay thậm chí những cuốn sách, album lớn, thậm chí là trưng bày các thiết bị nhà bếp như lò vi sóng, máy xay sinh tố...\r\nĐiều chỉnh độ cao dễ dàng\r\nKệ có thể dễ dàng điều chỉnh độ cao lên đến 15mm bằng cách xoay nút điều chỉnh dưới chân kệ. Điều này giúp kệ cân bằng ngay cả khi đặt trên sàn nhà không bằng phẳng.', 4, 1, 'storage/images/80.webp', 0);

-- ----------------------------
-- Table structure for users
-- ----------------------------
DROP TABLE IF EXISTS `users`;
CREATE TABLE `users`  (
  `userId` int NOT NULL AUTO_INCREMENT,
  `userName` varchar(255) CHARACTER SET utf8mb4 COLLATE utf8mb4_general_ci NULL DEFAULT NULL,
  `email` varchar(255) CHARACTER SET utf8mb4 COLLATE utf8mb4_general_ci NULL DEFAULT NULL,
  `password` longtext CHARACTER SET utf8mb4 COLLATE utf8mb4_general_ci NULL,
  `roleId` int NULL DEFAULT 0,
  PRIMARY KEY (`userId`) USING BTREE
) ENGINE = InnoDB AUTO_INCREMENT = 5 CHARACTER SET = utf8mb4 COLLATE = utf8mb4_general_ci ROW_FORMAT = Dynamic;

-- ----------------------------
-- Records of users
-- ----------------------------
INSERT INTO `users` VALUES (1, 'nguyena', 'nguyena@gmail.com', '$2y$12$weOloUS591qOh6ySRDA9B.Sc8iS060.OpB4BOQPNPo.yiWbMgJwia', 0);
INSERT INTO `users` VALUES (2, 'nguyenb', 'nguyenb@gmail.com', '$2y$12$qanqjbbBIi4HxR4oPGo4cO0crNjnF4fX9nylU2Q7BdgOTawHW4g7a', 0);
INSERT INTO `users` VALUES (3, 'nguyena', 'nguyena@gmail.com', '$2y$12$/HL3JiecQWcO1QVoiA5XoOcrW56Z5QwDncZbo03TLMqz2JIJqSuZ.', 0);
INSERT INTO `users` VALUES (4, 'nguyenbb', 'nguyenbb@gmail.com', '$2y$12$O2NWeXhBaUlw83DIFaHzeeAtREj6fxlScaYt5L3c2LbmxPusuwTaK', 0);

SET FOREIGN_KEY_CHECKS = 1;
